Year,First Author,"Alloy, condition/form","Composition, wt%",c,"TA,
%",Exp,M,"CR,
mm/y",Ref,Mg,Fe,Al,Ca,Zn,Mn,Sn,Cu,In,Au,Y,V,Ti,Si,Ni,Nd,Ce,Gd,Ge,Sr,Zr,Sm,Pb,B,La,Pr,Li,Cd,Hg,RE
2019,Bahmani,"MgMnCa, XM11","Mg,0.52Mn,0.39Ca",B,0.9,"1, 7 d",Pw,1.7,18,1,,,0.4,,0.52,,,,,,,,,,,,,,,,,,,,,,,,
2019,Bahmani,"MgMnCa, XM11","Mg,0.52Mn,0.39Ca",B,0.9,"1, 0.5 h",Pi,0.64,18,1,,,0.4,,0.52,,,,,,,,,,,,,,,,,,,,,,,,
2019,Bahmani,"MgMnCaAl, AXM211","Mg,0.48Mn,0.42Ca,2.38Al",B,3.3,"1, 7 d",Pw,8.7,18,1,,2.38,0.4,,0.48,,,,,,,,,,,,,,,,,,,,,,,,
2019,Bahmani,"MgMnCaAl, AXM211","Mg,0.48Mn,0.42Ca,2.38Al",B,3.3,"1, 0.5 h",Pi,1.5,18,1,,2.38,0.4,,0.48,,,,,,,,,,,,,,,,,,,,,,,,
2019,Bahmani,"MgMnCaSn, TXM911","Mg,0.54Mn,0.49Ca,9.14Sn",B,10,"1, 7 d",Pw,8.8,18,1,,,0.49,,0.54,9.14,,,,,,,,,,,,,,,,,,,,,,,
2019,Bahmani,"MgMnCaSn , TXM911","Mg,0.54Mn,0.49Ca,9.14Sn",B,10,"l, 0.5 h",Pi,2,18,1,,,0.49,,0.54,9.14,,,,,,,,,,,,,,,,,,,,,,,
2019,Bahmani,"MgMnCaZn , ZXM411","Mg,0.56Mn,0.44Ca,3.90Zn",B,4.9,"1, 7 d",Pw,3.6,18,1,,,0.4,3.9,0.56,,,,,,,,,,,,,,,,,,,,,,,,
2019,Bahmani,"MgMnCaZn , ZXM411","Mg,0.56Mn,0.44Ca,3.90Zn",B,4.9,"l, 0.5 h",Pi,0.46,18,1,,,0.4,3.9,0.56,,,,,,,,,,,,,,,,,,,,,,,,
2019,Cao,"Pure Mg, ep","Mg,0.0028Fe",P,0.08,"2, 7d",PAH,0.5,19,1,0.0028,,,,,,,,,,,,,,,,,,,,,,,,,,,,
2019,Cao,"Pure Mg, ep","Mg,0.0028Fe",B,0.08,"2, 7d","Pi,EIS",0.2,19,1,0.0028,,,,,,,,,,,,,,,,,,,,,,,,,,,,
2019,Cao,"Pure Mg, ep","Mg,0.0028Fe",B,0.08,"3, 7d",PAH,16,19,1,0.0028,,,,,,,,,,,,,,,,,,,,,,,,,,,,
2019,Cao,"Pure Mg, ep","Mg,0.0028Fe",B,0.08,"3, 7d","Pi,EIS",12,19,1,0.0028,,,,,,,,,,,,,,,,,,,,,,,,,,,,
2019,Gore,Pure Mg,[Fe] < 0.001,P,0.06,"4, 1 d",Pw,0.8,20,,0.001,,,,,,,,,,,,,,,,,,,,,,,,,,,,
2019,Gore,Pure Mg,[Fe] < 0.001,B,0.06,"4, 10 m",Pi,0.3,20,,0.001,,,,,,,,,,,,,,,,,,,,,,,,,,,,
2019,Gore,Mg0.14In,"[Fe] = 0.002,0.14In",B,0.2,"4, 1 d",Pw,7,20,,0.002,,,,,,,0.14,,,,,,,,,,,,,,,,,,,,,
2019,Gore,Mg0.14In,"[Fe] = 0.002,0.14In",B,0.2,"4, 10 m",Pi,0.6,20,,0.002,,,,,,,0.14,,,,,,,,,,,,,,,,,,,,,
2019,Gore,Mg0.11Au,"[Fe] = 0.003,0.11Au",B,0.2,"4, 1 d",Pw,50,20,,0.003,,,,,,,,0.11,,,,,,,,,,,,,,,,,,,,
2019,Gore,Mg0.11Au,"[Fe] = 0.003,0.11Au",B,0.2,"4, 10 m",Pi,1,20,,0.003,,,,,,,,0.11,,,,,,,,,,,,,,,,,,,,
2019,Cain,AZ31B-H24,"3.02Al,0.99Zn,0.33Mn,0.005Fe",B,4.3,"5, 1 d",Pi,3.4,21,,0.005,3.02,,0.99,0.3,,,,,,,,,,,,,,,,,,,,,,,,
2019,Cain,Mg1Sn,"1.23Sn,0.02Al,0.005Zn,0.002Mn,0.002Fe",B,1.2,"5, 1 d",Pi,6.8,21,,0.002,0.02,,0.005,0.002,1.23,,,,,,,,,,,,,,,,,,,,,,,
2019,Cain,Mg5Sn,"5.48Sn,0.03Al,0.005Zn,0.004Mn,0.007Fe",B,5.4,"5, 1 d",Pi,4.1,21,,0.007,0.03,,0.005,0.004,5.48,,,,,,,,,,,,,,,,,,,,,,,
2019,Cain,Mgl0Sn,"10.65Sn,0.02Al,0.004Zn,0.002Mn,0.001Fe",B,10.6,"5, 1 d",Pi,1.4,21,,0.001,0.02,,0.004,0.002,10.65,,,,,,,,,,,,,,,,,,,,,,,
2019,Hu,AZ91,"9.12Al,0.89Zn,0.23Mn",R,10.2,"4, 1 d",Pw,1,22,,,9.12,,0.89,0.23,,,,,,,,,,,,,,,,,,,,,,,,
2019,Hu,AZ910.5Sm,"8.98Al,1.12Zn,0.19Mn,0.48Sm",R,10.8,"4, 1 d",Pw,0.9,22,,,8.98,,1.12,0.19,,,,,,,,,,,,,,,,0.48,,,,,,,,
2019,Hu,AZ911.0Sm,"9.08Al,0.96Zn,0.18Mn,0.92Sm",R,11.1,"4, 1 d",Pw,0.7,22,,,9.08,,0.96,0.18,,,,,,,,,,,,,,,,0.92,,,,,,,,
2019,Kim,CP Mg,"0.001Al,0.001Mn,0.003Y,0.402Fe",B,0.4,"6, 3 d",Pw,230,23,,0.402,0.001,,,0.001,,,,,0.003,,,,,,,,,,,,,,,,,,,
2019,Kim,Mg3AI,"2.878Al,0.004Mn,0.003Y,0.291Fe",B,3.2,6. 3 d,Pw,215,23,,0.291,2.878,,,0.004,,,,,0.003,,,,,,,,,,,,,,,,,,,
2019,Kim,Mg3Al0.3Mn,"2.598Al,0.253Mn,0.003Y,0.0094Fe",B,2.9,"6, 3 d",Pw,17,23,,0.0094,2.598,,,0.253,,,,,0.003,,,,,,,,,,,,,,,,,,,
2019,Kim,Mg3Al0.03Y,"2.598Al,0.001Mn,0.033Y,0.0061Fe",B,2.6,"6, 3 d",Pw,5.6,23,,0.0061,2.598,,,0.001,,,,,0.033,,,,,,,,,,,,,,,,,,,
2019,Kim,Mg3Al0.2Y,"2.660Al,0.001Mn,0.176Y,0.0051Fe",B,2.8,"6, 3 d",Pw,1.4,23,,0.0051,2.66,,,0.001,,,,,0.176,,,,,,,,,,,,,,,,,,,
2019,Kim,Mg3Al0.5Y,"2.900Al,0.001Mn,0.548Y,0.0039Fe",B,3.5,"6, 3 d",Pw,1.8,23,,0.0039,2.9,,,0.001,,,,,0.548,,,,,,,,,,,,,,,,,,,
2019,Abdel-Gawad,Pure Mg,Undisclosed,B,0.01,"7, 10 d",Pw,5,24,,,,,,,,,,,,,,,,,,,,,,,,,,,,,,
2019,Abdel-Gawad,Pure Mg,Undisclosed,B,0.01,"7, 0.5 h",Pi,0.13,24,,,,,,,,,,,,,,,,,,,,,,,,,,,,,,
2019,Abdel-Gawad,"Mg1Zn0.6Ca, cast","1.037Zn,0.019Fe,0.079V,0.014Ti,0.245Si,0.567Ca",B,1.9,"7, 10 d",Pw,3.9,24,,0.019,,0.6,1.037,,,,,,,0.1,0.014,0.245,,,,,,,,,,,,,,,,
2019,Abdel-Gawad,"Mg1Zn0.6Ca, cast","1.037Zn,0.019Fe,0.079V,0.014Ti,0.245Si,0.567Ca",B,1.9,"7, 0.5 h",Pi,0.07,24,,0.019,,0.57,1.037,,,,,,,0.1,0.014,0.245,,,,,,,,,,,,,,,,
2019,Abdel-Gawad,"Mg2Zn0.6Ca, cast","2.016Zn,0.012Fe,0.052V,0.010Ti,0.179Si,0.600Ca",B,2.9,"7, 10 d",Pw,2.2,24,,0.012,,0.6,2.016,,,,,,,0.1,0.01,0.179,,,,,,,,,,,,,,,,
2019,Abdel-Gawad,"Mg2Zn0.6Ca, cast",2.016Zn0.012Fe0.052V0.010Ti0.179Si0.600Ca,B,2.9,"7, 0.5 h",Pi,0.04,24,,0.012,,0.6,2.016,,,,,,,0.1,0.01,0.179,,,,,,,,,,,,,,,,
2019,Abdel-Gawad,"Mg2.5Zn1.5Ca, cast","2.540Zn,0.013Fe,0.050V,0.008Ti,0.180Si,1.440Ca",B,4.2,"7, l Od",Pw,5.5,24,,0.013,,1.4,2.54,,,,,,,0.1,0.008,0.18,,,,,,,,,,,,,,,,
2019,Abdel-Gawad,"Mg2.5Zn1.5Ca, cast","2.540Zn,0.013Fe,0.050V,0.008Ti,0.180Si,1.440Ca",B,4.2,"7, 0.5 h",Pi,0.28,24,,0.013,,1.44,2.54,,,,,,,0.1,0.008,0.18,,,,,,,,,,,,,,,,
2019,Jiang,"Mg4Zn, e","3.63Zn,0.00Sn,0.06Fe,0.06Si",B,3.8,"8, 7 d",Pw,1.87,25,,0.1,,,3.63,,0,,,,,,,0.06,,,,,,,,,,,,,,,,
2019,Jiang,"Mg4Zn0.9Sn, e","3.56Zn,0.92Sn,0.04Fe,0.04Si",B1,4.6,"8, 7 d",Pw,0.62,25,,0.04,,,3.56,,0.92,,,,,,,0.04,,,,,,,,,,,,,,,,
2019,Jiang,"Mg4Zn1.4Sn, e","3.56Zn,1.43Sn,0.02Fe,0.03Si",B1,5,"8, 7 d",Pw,0.45,25,,0.02,,,3.56,,1.43,,,,,,,0.03,,,,,,,,,,,,,,,,
2019,Jiang,"Mg4Zn1.9Sn, e","3.58Zn,1.88Sn,0.03Fe,0.07Si.",B1,5.6,"8, 7 d",Pw,0.77,25,,0.03,,,3.58,,1.88,,,,,,,0.07,,,,,,,,,,,,,,,,
2019,Zuo,"Pure Mg, e&cd",Not provided,B,0.01,"9, 14 d",Pw,1.6,26,,,,,,,,,,,,,,,,,,,,,,,,,,,,,,
2019,Zuo,"Pure Mg, e&cd",Not provided,B,0.01,"10, 14 d",Pw,2.2,26,,,,,,,,,,,,,,,,,,,,,,,,,,,,,,
2019,Zuo,"Pure Mg, e&cd",Not provided,B,0.01,"11, 14 d",Pw,1.5,26,,,,,,,,,,,,,,,,,,,,,,,,,,,,,,
2019,Song,"Mg2Zn0.5Mn1Ca1.4Ce, cast","2.00Zn,0.50Mn,1.02Ca,1.35Ce",B,4.9,"12, 1 h",Pi,0.63,27,,,,1.02,2,0.5,,,,,,,,,,,1.35,,,,,,,,,,,,,
2019,Song,"Mg2Zn0.5Mn1Ca1.4Ce, ECAP","2.00Zn,0.50Mn,1.02Ca,1.35Ce",B,4.9,"12, 1 h",Pi,0.9,27,,,,1,2,0.5,,,,,,,,,,,1.35,,,,,,,,,,,,,
2019,Gao,"HP-Mg, e",99.99 wt%,OJ,0.01,"12, 10 d",Pw,0.27,28,0.9999,,,,,,,,,,,,,,,,,,,,,,,,,,,,,
2019,Gao,"HP-Mg, e+ts",99.99 wt%,Bl,0.01,"12, 10 d",Pw,0.72,28,0.9999,,,,,,,,,,,,,,,,,,,,,,,,,,,,,
2019,Gao,"HP-Mg, e",99.99 wt%,B,0.01,"13, 8 w",Pw,0.03,28,0.9999,,,,,,,,,,,,,,,,,,,,,,,,,,,,,
2019,Gao,"HP-Mg, e+ts",99.99 wt%,B,0.01,"13, 8 w",Pw,0.03,28,0.9999,,,,,,,,,,,,,,,,,,,,,,,,,,,,,
2019,Dvorsky,"Pure Mg, e",undisclosed,B,0.01,"14, 14 d",Pw,1.2,29,,,,,,,,,,,,,,,,,,,,,,,,,,,,,,
2019,Dvorskv,"WE43, e","Mg,4Y,3Nd",B1,7,"14, 14 d",Pw,0.4,29,1,,,,,,,,,,4,,,,,3,,,,,,,,,,,,,,
2019,Dvorsky,"EZ30, e","Mg,3Nd,0.5Zn",B,3.5,"14, 14 d",Pw,1.4,29,1,,,,0.5,,,,,,,,,,,3,,,,,,,,,,,,,,
2019,Dvorskv,"WZ21, e","Mg,2Y,1Zn",B,3,"14, 14 d",Pw,2.5,29,1,,,,1,,,,,,2,,,,,,,,,,,,,,,,,,,
2019,Dong,"Mg1.5Sr, e","Mg,1.5Sr,<0.001Fe,<0.001Ni",B1,1.5,"12, 14 d",Pw,0.2,30,1,0.001,,,,,,,,,,,,,0.001,,,,,1.5,,,,,,,,,,
2019,Dong,"Mg1.5Sr, T4 450 C for 5 h","Mg1.5Sr,<0.001Fe,<0.001Ni",B1,1.5,"12, 14 d",Pw,0.1,30,1,0.001,,,,,,,,,,,,,0.001,,,,,1.5,,,,,,,,,,
2019,Dong,"Mg1.5Sr, T4 560 C for 5 h","Mg1.5Sr,<0.001Fe,<0.001 Ni",B1,1.5,"12, 14 d",Pw,0.4,30,1,0.001,,,,,,,,,,,,,0.001,,,,,1.5,,,,,,,,,,
2019,Dong,"Mg1.5Sr, T4 560 C for 5 h, 10 h at 200 C","Mg1.5Sr,<0.001Fe,<0.001 Ni",B1,1.5,12. 14 d,Pw,0.7,30,1,0.001,,,,,,,,,,,,,0.001,,,,,1.5,,,,,,,,,,
2019,Dong,"Mg1.5Sr, T4 560 C for 5 h, 40 h at 200 C","Mg1.5Sr,<0.001Fe,<0.001 Ni",B,1.5,"12, 14 d",Pw,4.7,30,1,0.001,,,,,,,,,,,,,0.001,,,,,1.5,,,,,,,,,,
2019,Zhao,"AZ31, e","Mg,3.14Al,1.02Zn,0.44Mn,0.003Si,0.0018Fe",B1,4.6,"12, 430 h",PAH,0.56,31,1,0.0018,3.14,,1,0.44,,,,,,,,0.003,,,,,,,,,,,,,,,,
2019,Feliu,"AZ31 , unspecified","Mg,3.0Al,1.0Zn,0.2Mn",B,4.2,"15, 20 C , 4 d",Pw,1.8,32,1,,3,,1,0.2,,,,,,,,,,,,,,,,,,,,,,,,
2019,Feliu,"AZ31 , unspecified","Mg,3.0Al,1.0Zn,0.2Mn",B,4.2,"15, 34 C , 4 d",Pw,7.2,32,1,,3,,1,0.2,,,,,,,,,,,,,,,,,,,,,,,,
2019,Grimm,Pure Mg,undisclosed,B,0.01,"16, 7 d",Pw,4,33,,,,,,,,,,,,,,,,,,,,,,,,,,,,,,
2019,Grimm,Mg-18Al,"Mg,18Al,0.0029Fe,0.0104Si,0.023Mn",B,18,"16, 7 d",Pw,4,33,1,0.0029,18,,,0.023,,,,,,,,0.0104,,,,,,,,,,,,,,,,
2019,Yan,"Mg0.06Cu, cast","Mg0.057Cu,<0.005Fe0.012Si",B,0.06,"12, 7 d",Pw,30,34,1,0.005,,,,,,0.057,,,,,,0.01,,,,,,,,,,,,,,,,
2019,Yan,"Mg0.06Cu, cast","Mg0.057Cu,<0.005Fe0.012Si",B,0.06,"12, 30 m",Pi,0.12,34,1,0.005,,,,,,0.057,,,,,,0.01,,,,,,,,,,,,,,,,
2019,Yan,"Mg0.06Cu, sht","Mg0.057Cu,<0.005Fe0.012Si",B1,0.06,"12, 7 d",Pw,0.6,34,1,0.005,,,,,,0.057,,,,,,0.01,,,,,,,,,,,,,,,,
2019,Yan,"Mg0.06Cu, sht","Mg0.057Cu,<0.005Fe0.012Si",B,0.06,"12, 30 m",Pi,0.05,34,1,0.005,,,,,,0.057,,,,,,0.01,,,,,,,,,,,,,,,,
2019,Zhang,Mg2Nd0.2Zn,"Mg,2Nd,0.2Cu",B1,2.2,"12, 7 d",Pw,0.3,35,1,,,,,,,0.2,,,,,,,,2,,,,,,,,,,,,,,
2019,Johnston,HP Mg,"HP,Mg",B1,0.01,"17, 7 d",Pw,0.4,36,1,,,,,,,,,,,,,,,,,,,,,,,,,,,,,
2019,Soltan,"WE43B, T6","Mg,3.51Y,2.09Nd,0.40Gd,0.49Zr,0.004Fe",R,6.5,"1, 21 d",Pw,0.2,37,1,0.004,,,,,,,,,3.51,,,,,2.1,,0.4,,,0.49,,,,,,,,,
2019,Soltan,"EV31A, T6","Mg,2.78Nd,1.35Gd,0.43Zr,0.003Fe",R,4.6,"1, 21 d",Pw,0.9,37,1,0.003,,,,,,,,,,,,,,2.78,,1.4,,,0.43,,,,,,,,,
2019,Soltan,"Pure Mg, cast","Mg,0.003Zn,0.003Fe,0.008Mn",B,0.01,"1, 21 d",Pw,1.6,37,1,0.003,,,0.003,0.008,,,,,,,,,,,,,,,,,,,,,,,,
2019,Soltan,"ZE41A, T5","Mg,4.36Zn,0.66Zr,0.002Fe",B,5,"1, 21 d",Pw,8.5,37,1,0.002,,,4.36,,,,,,,,,,,,,,,,0.7,,,,,,,,,
2018,Jia,Pure Mg,Mg > 99.95 wt%,B1,0.05,"18, 14 d",Pw,0.6,38,0.9995,,,,,,,,,,,,,,,,,,,,,,,,,,,,,
2018,Jia,Pure Mg,Mg > 99.95 wt%,B1,0.05,"18, 56 d",Pw,0.4,38,0.9995,,,,,,,,,,,,,,,,,,,,,,,,,,,,,
2018,Jia,"Pure Mg, porous, round pores",Mg > 99.95 wt%,B,0.05,"18, 14 d",Pw,3.7,38,0.9995,,,,,,,,,,,,,,,,,,,,,,,,,,,,,
2018,Jia,"Pure Mg, porous, round pores",Mg > 99.95 wt%,B,0.05,"18, 56 d",Pw,1.4,38,0.9995,,,,,,,,,,,,,,,,,,,,,,,,,,,,,
2018,Jia,"Pure Mg, porous, irregular polyhedral",Mg > 99.95 wt%,B,0.05,"18, 14 d",Pw,1.7,38,0.9995,,,,,,,,,,,,,,,,,,,,,,,,,,,,,
2018,Jia,"Pure Mg, porous, irregular polyhedral",Mg > 99.95 wt%,B1,0.05,"18, 56 d",Pw,0.5,38,0.9995,,,,,,,,,,,,,,,,,,,,,,,,,,,,,
2018,Feng,"Mg25Al, cast, a+b","Mg,25Al",B,25,"6, 6d",Pw,4.2,39,1,,25,,,,,,,,,,,,,,,,,,,,,,,,,,,
2018,Feng,"Mg25Al, sht, a+b","Mg,25Al",B,25,"6, 6d",Pw,5,39,1,,25,,,,,,,,,,,,,,,,,,,,,,,,,,,
2018,Feng,"Mg25Al, USS, a","Mg,25Al",B,25,"6, 6d",Pw,1.2,39,1,,25,,,,,,,,,,,,,,,,,,,,,,,,,,,
2018,Feng,"Mg25Al, USS + age, a + 10-100 nm b","Mg,25Al",R,25,"6, 6d",Pw,0.6,39,1,,25,,,,,,,,,,,,,,,,,,,,,,,,,,,
2018,Wu,"MgGdYZnZr, sht + age: surface = oxide + alpha","Mg,10.2Gd,5.7Y,1.6Zn,0.4Zr",R,18,"1, 3 d",PH,0.4,40,1,,,,1.6,,,,,,6,,,,,,,10.2,,,0.4,,,,,,,,,
2018,Wu,"MgGdYZnZr, sht + age: bulk = oxide + ppts","Mg,10.2Gd,5.7Y,1.6Zn,0.4Zr",B,18,"1, 6 d",PH,2.7,40,1,,,,1.6,,,,,,6,,,,,,,10.2,,,0.4,,,,,,,,,
2018,Liu,"Commercially pure Mg, e","Mg,0.02Si,0.006Fe",B,0.03,"4, 24 h",Pw,21,41,1,0.01,,,,,,,,,,,,0.02,,,,,,,,,,,,,,,,
2018,Liu,"Mg0.2Sb, cast","Mg,0.23Sn,0.002Fe",B,0.2,"4, 24 h",Pw,1.1,41,1,0.002,,,,,0.23,,,,,,,,,,,,,,,,,,,,,,,
2018,Liu,"Mg0.lBi, cast","Mg,0.13B,0.002Fe",B,0.1,"4, 24 h",Pw,1.5,41,1,0.002,,,,,,,,,,,,,,,,,,,,,,0.13,,,,,,
2018,Liu,"Mg0.1Ge, cast","Mg,0.09Ge,0.003Fe",B,0.09,"4, 24 h",Pw,1.7,41,1,0.003,,,,,,,,,,,,,,,,,0.09,,,,,,,,,,,
2018,Liu,"Mg0.3Ge, cast","Mg,0.33Ge,0.001Fe",R,0.3,"4, 24 h",Pw,0.8,41,1,0.001,,,,,,,,,,,,,,,,,0.33,,,,,,,,,,,
2018,Liu,"Mg0.1Sn, cast","Mg,0.11Sn,0.001Fe",R,0.1,"4, 24 h",Pw,0.9,41,1,0.001,,,,,0.11,,,,,,,,,,,,,,,,,,,,,,,
2018,Liu,"Mg0.1Pb, cast","Mg,0.14Pb,0.001Fe",R,0.1,"4, 24 h",Pw,0.8,41,1,0.001,,,,,,,,,,,,,,,,,,,,,0.14,,,,,,,
2018,Liu,CP Mg,"Mg,0.02Si,0.06Fe",B,0.02,"4, 24 h",Pw,21,42,1,0.06,,,,,,,,,,,,0.02,,,,,,,,,,,,,,,,
2018,Liu,"Mg1Zn, sht at 400 C, e at 180 C","Mg,1Zn",B,1,"4, 24 h",Pw,4,42,1,,,,1,,,,,,,,,,,,,,,,,,,,,,,,,
2018,Liu,"Mg1Zn0.3Ge, sht at 400 C, e at 180 C","Mg,1.01Zn,0.27Ge",B,1.3,"4, 24 h",Pw,1.2,42,1,,,,1,,,,,,,,,,,,,,0.3,,,,,,,,,,,
2018,Liu,"Mg1Zn0.5Ge, sht at 400 C, e at 180 C","Mg,1.03,Zn,0.52Ge",B,1.6,"4, 24 h",Pw,1.4,42,1,,,,,1.03,,,,,,,,,,,,,,0.52,,,,,,,,,,
2018,Baek,"Mg8Sn1Zn1Al, e at 280","Mg,7.7Sn,0.95Zn,0.94Al,0.009Mn,0.002Fe,0.002Si",B,9.6,"5, 72 h",Pw,250,43,1,0.002,0.94,,1,0.009,7.7,,,,,,,0.002,,,,,,,,,,,,,,,,
2018,Baek,"Mg8Sn1Zn1AI, e at 180","Mg,7.7Sn,0.95Zn,0.94Al,0.009Mn,0.002Fe,0.002Si",B,9.6,"5, 72 h",Pw,28,43,1,0.002,0.94,,1,0.009,7.7,,,,,,,0.002,,,,,,,,,,,,,,,,
2018,Sadeghi,AZ31,,R,4,"1, 7 d",PAH,0.95,44,,,,,,,,,,,,,,,,,,,,,,,,,,,,,,
2018,Sadeghi,AZ31+0.4Sr (or 0.8Sr),,B,4.4,"1, 7 d",PAH,1.8,44,,,,,,,,,,,,,,,,,,,,,,,,,,,,,,
2018,Liu,AZ91,"Mg,9.3Al,0.67Zn,0.25Mn,0.003Fe",B,10.2,"6, 1 w",Pw,23,45,1,0.003,9,,0.7,0.25,,,,,,,,,,,,,,,,,,,,,,,,
2018,Liu,AZ91 + fsp,"Mg,9.3Al,0.67Zn,0.25Mn,0.003Fe",B,10.2,"6, 1 w",Pw,12,45,1,0.003,9.3,,0.7,0.25,,,,,,,,,,,,,,,,,,,,,,,,
2018,Zhang,"Mg 13Gd 1.6Ag 0.41Zr, sht","0.007Fe,0.0013Ni,0.0011Cu",B,15,"19, 24 h",Pw,1.4,46,,0.007,,,,,,0.011,,,,,,,0.0013,,,,,,,,,,,,,,,
2018,Zhang,"Mg 13Gd 1.6Ag 0.41Zr, sht","0.007Fe,0.0013Ni,0.0011Cu",B,15,"19, 10 m",Pi,0.15,46,,0.007,,,,,,0.011,,,,,,,0.0013,,,,,,,,,,,,,,,
2018,Zhang,"Mg 13Gd 1.6Ag 0.41Zr, aged","0.007Fe,0.0013Ni,0.0011Cu",B,15,"19, 24 h",Pw,3.2,46,,0.007,,,,,,0.011,,,,,,,0.0013,,,,,,,,,,,,,,,
2018,Zhang,"Mg 13Gd 1.6Ag 0.41Zr, aged","0.007Fe,0.0013Ni,0.0011Cu",B,15,"19, 10 m",Pi,0.22,46,,0.007,,,,,,0.011,,,,,,,0.0013,,,,,,,,,,,,,,,
2018,Zhang,"Mg 16Gd 0.36Zr, sht","0.007Fe,0.0016Ni,0.009Cu",B,16.4,"19, 72 h",Pw,0.25,46,,0.007,,,,,,0.009,,,,,,,0.0016,,,,,,,,,,,,,,,
2018,Zhang,"Mg 16Gd 0.36Zr, sht","0.007Fe,0.0016Ni,0.009Cu",B,16.4,"19, 10 m",Pi,0.15,46,,0.007,,,,,,0.009,,,,,,,0.0016,,,,,,,,,,,,,,,
2018,Zhang,"Mg 16Gd 0.36Zr, aged","0.007Fe,0.0016Ni,0.009Cu",B,16.4,"19 , 72 h",Pw,0.36,46,,0.007,,,,,,0.009,,,,,,,0.0016,,,,,,,,,,,,,,,
2018,Zhang,"Mg 16Gd 0.36Zr, aged","0.007Fe,0.0016Ni,0.009Cu",B,16.4,"19, 10 m",Pi,0.16,46,,0.007,,,,,,0.009,,,,,,,0.0016,,,,,,,,,,,,,,,
2018,Yang,"Mg3Fe, film","Mg,3Fe,9Si,26Mn ",P,0.004,"6, 48 h",Pw,0.22,9,1,3,,,,26,,,,,,,,9,,,,,,,,,,,,,,,,
2018,Yang,"Mg 11Fe, film","Mg,11Fe,114Si,108Mn ",P,0.02,"6, 48 h",Pw,0.32,9,1,11,,,,108,,,,,,,,114,,,,,,,,,,,,,,,,
2018,Yang,"Mg 15Fe, film","Mg,15Fe,16Si,l80Mn ",B,0.02,"6, 48 h",Pw,1.98,9,1,15,,,,180,,,,,,,,16,,,,,,,,,,,,,,,,
2018,Yang,"Mg 18Fe, film","Mg,l8Fe,35Si,176Mn ",B,0.02,"6, 48 h",Pw,14.8,9,1,18,,,,176,,,,,,,,35,,,,,,,,,,,,,,,,
2018,Yang,"Mg 25Fe, film","Mg,25Fe,1235Si,216Mn ",B,0.04,"6, 48 h",Pw,107,9,1,25,,,,216,,,,,,,,1235,,,,,,,,,,,,,,,,
2018,Turan,"AZ91, pm",99.7% purity,B,0.3,"6, 24 h",Pw,1.6,47,0.997,,,,,,,,,,,,,,,,,,,,,,,,,,,,,
2018,Turan,"AZ91, pm",99.7% purity,B,0.3,"6, 15 m",Pi,1.3,47,0.997,,,,,,,,,,,,,,,,,,,,,,,,,,,,,
2018,Yan,"Mg-0.1Cu, cast","Mg0.1Cu,<0.005Fe,<0.01Si,<0.001Ni",B,0.1,"20, 7 d",Pw,50,48,1,0.005,,,,,,0.1,,,,,,0.01,0.001,,,,,,,,,,,,,,,
2018,Yan,"Mg-0.1Cu, sht 510 C 10 h","Mg0.1Cu,-<0.005Fe,-<0.01Si,-<0.001Ni",B1,0.1,"20, 7 d",Pw,1,48,1,0.005,,,,,,0.1,,,,,,0.01,0.001,,,,,,,,,,,,,,,
2018,Li,"Mg4Li, e",,B,4,"4, 5d",Pw,1.8,49,,,,,,,,,,,,,,,,,,,,,,,,,,,,,,
2018,Li,"Mg7.5Li, e",,B,7.5,"4, 5d",Pw,3.2,49,,,,,,,,,,,,,,,,,,,,,,,,,,,,,,
2018,Li,"Mgl4Li, e",,R,14,"4, 5d",Pw,0.8,49,,,,,,,,,,,,,,,,,,,,,,,,,,,,,,
2018,Johnston,HP Mg,"Mg,0.017A1,0.001Fe,0.018Ca,0.008Mn",B1,0.05,"17, 7 d",Pw,0.3,50,1,0.001,0.017,0.018,,0.008,,,,,,,,,,,,,,,,,,,,,,,,
2018,Johnston,UHP Mg,"Mg,0.002Zn,0.004Ca,<0.001Fe",B1,0.006,"17, 7 d",Pw,0.4,50,1,0.001,,0.004,0.002,,,,,,,,,,,,,,,,,,,,,,,,,
2018,Johnston,UHP ZX00,"Mg,0.43Zn,0.42Ca,0.002Fe",Bl,0.85,"17, 7 d",Pw,0.5,50,1,0.002,,0.42,0.43,,,,,,,,,,,,,,,,,,,,,,,,,
2018,Johnston,ZE41,"Mg,4.6Zn,1.0Ce,0.51La,0.1Pr,0.004Fe",B,6.2,"17, 7 d",Pw,1.4,50,1,0.004,,,4.6,,,,,,,,,,,,1,,,,,,,,0.51,0.1,,,,
2017,Miao,"Mg2.33Zn0.84Gd, e, Sample A","Mg,2.33Zn,0.84Gd",B1,3.2,"12, I0 d",Pw,0.27,51,1,,,,2.33,,,,,,,,,,,,,0.8,,,,,,,,,,,,
2017,Miao,"Mg2.33Zn0.84Gd, sht + e, Sample B","Mg,2.33Zn,0.84Gd",B1,3.2,"12, I0 d",Pw,0.21,51,1,,,,2,,,,,,,,,,,,,0.8,,,,,,,,,,,,
2017,Xiang,"Mg5Li1Al, e to 2 mm","Mg,4.99Li,1.07Al,0.0053Fe",B,6.1,6. 14 d,Pw,38,52,1,0.0053,1.07,,,,,,,,,,,,,,,,,,,,,,,,4.99,,,
2017,Xiang,"Mg5Li1Al, e to 2 mm","Mg,4.99Li,1.07Al,0.0053Fe",B,6.1,"6, 20 m",Pi,22,52,1,0.0053,1.07,,,,,,,,,,,,,,,,,,,,,,,,4.99,,,
2017,Xiang,"Mg5Li1Al, e + 20% rd","Mg,4.66Li,1.03Al,0.0054Fe",B,5.7,6. 14 d,Pw,10,52,1,0.0054,1,,,,,,,,,,,,,,,,,,,,,,,,4.66,,,
2017,Xiang,"Mg5Li-1Al, e + 20% rd","Mg,4.66Li,1.03Al,0.0054Fe",B,5.7,"6, 20 m",Pi,0.7,52,1,0.0054,1,,,,,,,,,,,,,,,,,,,,,,,,4.66,,,
2017,Jia,"MG2Zn, ds",Not provided,B,2,"21, 2 d",Pw,2.7,53,,,,,,,,,,,,,,,,,,,,,,,,,,,,,,
2017,Jia,"MG2Zn, ds",Not orovidcd,B,2,"21 , 10 m",Pi,0.27,53,,,,,,,,,,,,,,,,,,,,,,,,,,,,,,
2017,Baek,Mg 5.5Al 0.7Zn 0.3Mn 0.5Ca,"Mg,5.53Al,0.67Zn,0.29Mn,0.48Ca,<0.001Y 0.0021Fe",B,7,"5, 3 d",Pw,1.8,54,1,0.0021,5.53,0.48,0.7,0.29,,,,,0.001,,,,,,,,,,,,,,,,,,,
2017,Baek,Mg 5.5Al 0.7Zn 0.3Mn 0.5Ca 0.2Y,"Mg,5.53Al,0.67Zn,0.29Mn,0.48Ca,0.24Y,0.0021Fe",R,7.2,"5, 3 d",Pw,0.3,54,1,0.0021,5.53,0.48,0.7,0.29,,,,,0.24,,,,,,,,,,,,,,,,,,,
2017,Turan,Cp Mg,99.7% Mg,B,0.3,"6, 15 m",Pi,2.7,55,0.997,,,,,,,,,,,,,,,,,,,,,,,,,,,,,
2017,Turan,Mg0.5wt.%GNP,,B,0.5,6. 15 m,Pi,23,55,,,,,,,,,,,,,,,,,,,,,,,,,,,,,,
2017,Caralapatti,CP Mg,99.8% Mg,B,0.2,20. 200 h,Pw,18,56,0.998,,,,,,,,,,,,,,,,,,,,,,,,,,,,,
2017,Caralapatti,Cp Mg + HRLSP,99.8% Mg,B,0.2,"20, 200 h",Pw,7,56,0.998,,,,,,,,,,,,,,,,,,,,,,,,,,,,,
2017,Liu,Mg1Y,"0.72Y,<0.001Fe-bal Mg",R,0.7,"6, 300 h",PH,0.55,57,,0.001,,,,,,,,,0.72,,,,,,,,,,,,,,,,,,,
2017,Liu,Mg1Y,"0.72Y,<0.001Fe-bal Mg",B,0.7,6. 400 s,Pi,0.27,57,,0.001,,,,,,,,,0.72,,,,,,,,,,,,,,,,,,,
2017,Liu,"Mg5Y, cast (ac)","4.72Y,<0.001Fe-bal Mg",B,4.7,"6, 300 h",PH,4.1,57,,,,,,,,,,,4.72,,,,,,,,,,,,,,,,,,,
2017,Liu,"Mg5Y, cast (ac)","4.72Y,<0.001Fe-bal Mg",B,4.7,"6, 400 s",Pi,0.4,57,,0.001,,,,,,,,,4.72,,,,,,,,,,,,,,,,,,,
2017,Liu,"Mg-5Y, ac + sht","4.72Y,<0.001Fe-bal Mg",R,4.7,6. 300 h,PH,0.4,57,,0.001,,,,,,,,,4.72,,,,,,,,,,,,,,,,,,,
2017,Niu,Mg2.8Nd-02Zn0.4Zr,"Mg,2.8Nd,0.2Zn,0.4Zr",B,3.4,22. 1.5 y,Pvolume,0.15,58,1,,,,0.2,,,,,,,,,,,3,,,,,0.4,,,,,,,,,
2017,Choi,AZ91. cast,"8.54Al,0.19Mn,0.74Zn,0.0009Fe",B,9.5,6. 21 d,Pw,1.2,59,,0.0009,8.54,,0.7,0.19,,,,,,,,,,,,,,,,,,,,,,,,
2017,Choi,"AZ91Ti, cast","8.51Al,0.26Mn,1.13Zn,0.00l1Fe",R,9.9,"6, 21 d",Pw,0.8,59,,0.0011,8.51,,1.1,0.26,,,,,,,,,,,,,,,,,,,,,,,,
2017,Mingo,Mg9Al,"12.7A1,0.0155Fe,0.0045Mn",B,12.7,"23, 3 d",PH,54,60,,0.0155,12.7,,,0.0045,,,,,,,,,,,,,,,,,,,,,,,,
2017,Mingo,Mg9Al0.5Mn,"7.3A1,0.0110Fe,0.4240Mn",R,7.7,23. 3 d,PH,0.8,60,,0.011,7.3,,,0.424,,,,,,,,,,,,,,,,,,,,,,,,
2017,Mingo,Mg9Al0.25Sd,"7.0A1,0.0190Fe,0.0030Mn,0.25Nd",B,7.3,23. 3 d,PH,48,60,,0.019,7,,,0.003,,,,,,,,,,0.25,,,,,,,,,,,,,,
2017,Mingo,Mg9Al0.5Ca,"8.7A1,0.0020Fe,0.0235Mn,0.31Ca",B,9,"23, 3 d",PH,4.8,60,,0.002,8.7,0.31,,0.0235,,,,,,,,,,,,,,,,,,,,,,,,
2017,Mingo,M29Al0.5Y,"7.4A1,0.0071Fe,0.0102Mn,0.45Y",B,8,23. 3 d,PH,7.6,60,,0.0071,7.4,,,0.0102,,,,,0.45,,,,,,,,,,,,,,,,,,,
2017,Mingo,Mg9Al0.5Sn,"8.2A1,0.0077Fe,0.0300Mn,0.38Sn",B,8.6,"23, 3 d",PH,38,60,,0.0077,8.2,,,0.03,0.38,,,,,,,,,,,,,,,,,,,,,,,
2016,Jayaraj,AZ31,"Mg,2.84A1,0.98Zn,0.11Mn,0.002Fe",B,3.9,"24, 5 d",Pw,6.3,61,1,0.002,2.84,,1,0.11,,,,,,,,,,,,,,,,,,,,,,,,
2016,Jayaraj,AZ31,"Mg,2.84A1,0.98Zn,0.11Mn,0.002Fe",B,3.9,"24, 25 m",Pi,3.2,61,1,0.002,2.84,,1,0.11,,,,,,,,,,,,,,,,,,,,,,,,
2016,Zhang,"Mg6Gd0.5Zn0.4Zr, ac",,B1,6.9,25. 120 h,Pw,0.45,62,,,,,,,,,,,,,,,,,,,,,,,,,,,,,,
2016,Zhang,"Mg6Gd0.5Zn0.4Zr, ac, sht 535 C for 12 h",,B1,6.9,25. 120 h,Pw,0.5,62,,,,,,,,,,,,,,,,,,,,,,,,,,,,,,
2016,Baek,AZ61,"Mg,5.53Al,0.67Zn,0.29Mn,0.0021Fe",R,6.3,"5, 72 h",Pw,0.33,63,1,0.0021,5.53,,0.7,0.29,,,,,,,,,,,,,,,,,,,,,,,,
2016,Esmaily,Pure Mg,,G,0.01,"26 , 504",Pw,0.2,64,,,,,,,,,,,,,,,,,,,,,,,,,,,,,,
2016,Esmaily,AM20,,G,2,"26 , 504",Pw,0.048,64,,,,,,,,,,,,,,,,,,,,,,,,,,,,,,
2016,Esmaily,AZ31,,G,4,"26 , 504",Pw,0.042,64,,,,,,,,,,,,,,,,,,,,,,,,,,,,,,
2016,Esmaily,AM60,,G,6,"26 , 504",Pw,0.026,64,,,,,,,,,,,,,,,,,,,,,,,,,,,,,,
2016,Esmaily,AZ91,,G,10,"26 , 504",Pw,0.02,64,,,,,,,,,,,,,,,,,,,,,,,,,,,,,,
2016,Saikrishna,"AZ31, e","Mg,2.75A1,0.91Zn,0.001Fe",B,3.7,"27, 3 d",Pw,4,65,1,0.001,2.75,,0.9,,,,,,,,,,,,,,,,,,,,,,,,,
2016,Saikrishna,"AZ31, e","Mg,2.75A1,0.91Zn,0.001Fe",B,3.7,"27, 1 h",Pi,0.6,65,1,0.001,2.75,,0.9,,,,,,,,,,,,,,,,,,,,,,,,,
2016,Saikrishna,"AZ31, fsp","Mg,2.75A1,0.91Zn,0.001Fe",B,3.7,"27, 3 d",Pw,4.6,65,1,0.001,2.75,,0.9,,,,,,,,,,,,,,,,,,,,,,,,,
2016,Saikrishna,"AZ31, fsp","Mg,2.75A1,0.91Zn,0.001Fe",B,3.7,"27, 1 h",Pi,2,65,1,0.001,2.75,,0.9,,,,,,,,,,,,,,,,,,,,,,,,,
2016,Liu,Mg 5Y 7Gd  1Nd 0.5Zr,"Mg,7.04Gd,4.53Y,1.29Nd,0.49Zr",,,,,,66,1,,,,,,,,,,4.53,,,,,1.29,,7.04,,,0.49,,,,,,,,,
2016,Jafari,AZ63,,,,,,,67,,,,,,,,,,,,,,,,,,,,,,,,,,,,,,
2016,Johnston,"UHP ZX00, e","Mg,0.45Zn,0.45Ca",B1,0.9,"17, 7 d",Pw,0.5,68,1,,,0.5,0.45,,,,,,,,,,,,,,,,,,,,,,,,,
2016,Johnston,"UHP ZX00, mc","Mg,0.45Zn,0.45Ca",B1,0.9,"17, 7 d",Pw,0.4,68,1,,,0.5,0.45,,,,,,,,,,,,,,,,,,,,,,,,,
2015,Johnston,HP Mg,"Mg,0.007Fe",B1,0.007,"17, 166 h",Pw,0.5,69,1,0.007,,,,,,,,,,,,,,,,,,,,,,,,,,,,
2015,Johnston,AZ91,"M,8.15Al,0.64Zn,0.15Mn,0.005Fe",B1,8.9,"17, 166 h",Pw,0.3,69,1,0.005,8.15,,0.6,0.15,,,,,,,,,,,,,,,,,,,,,,,,
2015,Johnston,ZE41,"Mg,4.59Zn,1.06Ce,0.006Fe,0.13Y,0.48La,0.13Pr,0.1Nd",B,6.5,"17, 166 h",Pw,3.4,69,1,0.006,,,4.59,,,,,,0.13,,,,,0.1,1.1,,,,,,,,0.48,0.13,,,,
2015,Chu,"WE43 , sht 8 h at 525 C+ WQ","Mg,3.74Y,2.10Nd,0.45Zr,0.52Cd,<0.005Fe",R,6.8,"1 , 180 h",PAH,0.7,70,1,0.005,,,,,,,,,3.74,,,,,2.1,,,,,0.45,,,,,,,0.52,,
2015,Chu,"WE43 , sht + PA:16 at 250 C",Mg3.74Y2.10Nd0.45Zr0.52Cd<0.005Fe,R,6.8,"1 , 180 h",PAH,0.38,70,1,0.005,,,,,,,,,3.74,,,,,2.1,,,,,0.45,,,,,,,0.52,,
2015,Liao,"AZ80, forged (f)","Mg,8.3A1,0.46Zn,0.22Mn,<0.1Si0.005Fe",B,9,"6, 4 d",Pw,4.8,71,1,0.005,8.3,,0.5,0.22,,,,,,,,0.1,,,,,,,,,,,,,,,,
2015,Liao,"AZ80, forged","Mg,8.3A1,0.46Zn,0.22Mn,<0.1Si0.005Fe",B,9,"6, ?",Pi,2.9,71,1,0.005,8.3,,0.5,0.22,,,,,,,,0.1,,,,,,,,,,,,,,,,
2015,Liao,"AZ80, f + aged at 170 C 10 h","Mg,8.3A1,0.46Zn,0.22Mn,<0.1Si0.005Fe",R,9,"6, 4 d",Pw,0.9,71,1,0.005,8.3,,0.5,0.22,,,,,,,,0.1,,,,,,,,,,,,,,,,
2015,Liao,"AZ80, f + aged at 170 C 10 h","Mg,8.3AI,0.46Zn,0.22Mn,<0.1 Si0.005Fe",B,9,"6, ?",Pi,0.6,71,1,0.005,8.3,,0.5,0.22,,,,,,,,0.1,,,,,,,,,,,,,,,,
2015,Yang,Pure Mg,"Mg,15 Fe,16 Si,180 Mn",B,0.02,6. 48 h,Pw,2,72,1,15,,,,180,,,,,,,,16,,,,,,,,,,,,,,,,
2015,Yang,Pure Mg,"Mg,18 Fe,35Si,176 Mn",B,0.02,"6, 48 h",Pw,13.25,72,1,18,,,,176,,,,,,,,35,,,,,,,,,,,,,,,,
2015,Yang,Pure Mg,"Mg,25 Fe,123  Si,216 Mn",B,0.04,"6, 48 h",Pw,103.5,72,1,25,,,,216,,,,,,,,123,,,,,,,,,,,,,,,,
2015,Gaon,"AZ91D, diecast","Mg,9.0Al,0.68Zn,0.24Mn",R,9.9,"28, 16 d",Pw,0.21,73,1,,9,,0.7,0.24,,,,,,,,,,,,,,,,,,,,,,,,
2015,Gaon,"MRI 153M, diecast","Mg,8.0Al,1.0Ca,0.28Sr",R,9.4,"28,16 d",Pw,0.73,73,1,,8,1,,,,,,,,,,,,,,,,0.28,,,,,,,,,,
2015,Gaon,"MRI 20I S, diecast","Mg,3.06Nd,2.00Y,0.41Zr",B,5.5,"28, 16 d",Pw,1.46,73,1,,,,,,,,,,2,,,,,3.06,,,,,0.41,,,,,,,,,
2015,Yim,"Mg-5Sn-1Zn (TZ51), e","Mg,4.56Sn,1.06Zn,0.0021Si,0.001Fe",B,5.6,"6, 3 d",Pw,3.2,74,1,0.001,,,1.1,,4.56,,,,,,,0.0021,,,,,,,,,,,,,,,,
2015,Yim,"Mg-5Sn-3Zn (TZ53), e","Mg,4.69Sn,3.15Zn,0.0021Si,0.0017Fe",B,7.8,"6, 3 d",Pw,4,74,1,0.0017,,,3.2,,4.69,,,,,,,0.0021,,,,,,,,,,,,,,,,
2015,Choi,"ZK60, e, sht, rolled","Mg,5.23Zn,0.53Zr,0.019Mn,<0.0002Fe",B,5.8,"12, 1 d",Pw,2.5,15,1,0.0002,,,5.23,0.019,,,,,,,,,,,,,,,0.5,,,,,,,,,
2015,Choi,"ZK60, e, shl, rolled,
annealed I h","Mg,5.23Zn,0.53Zr,0.019Mn,<0.0002Fe",B,5.8,"12, 1 d",Pw,1.1,15,1,0.0002,,,5.23,0.019,,,,,,,,,,,,,,,0.5,,,,,,,,,
2015,Saha,Pure Mg,ud,B,0.03,"12, 16 d",Pw,6.2,76,1,,,,,,,,,,,,,,,,,,,,,,,,,,,,,
2015,Saha,Pure Mg,ud,B,0.03,"12, 5 m",Pi,1.6,76,1,,,,,,,,,,,,,,,,,,,,,,,,,,,,,
2015,Saha,Mg 0.25Zr,ud,B,0.25,"12, 16 d",Pw,1.3,76,1,,,,,,,,,,,,,,,,,,,,0.25,,,,,,,,,
2015,Saha,Mg 0.25Zr,ud,B,0.25,"12, 5 m",Pi,0.3,76,1,,,,,,,,,,,,,,,,,,,,0.25,,,,,,,,,
201S,Saha,Mg 1.0Zr,ud,B,1,"12, 16 d",Pw,1.6,76,1,,,,,,,,,,,,,,,,,,,,1,,,,,,,,,
2015,Saha,Mg 1.0Zr,ud,B,1,"12, 5 m",Pi,0.11,76,1,,,,,,,,,,,,,,,,,,,,1,,,,,,,,,
2015,Wu,Pure Mg,ud,B,0.04,"4, 24 h",Pw,10,11,1,,,,,,,,,,,,,,,,,,,,,,,,,,,,,
2015,Wu,Pure Mg,ud,B,0.04,"4, ud",Pi,4.6,11,1,,,,,,,,,,,,,,,,,,,,,,,,,,,,,
2015,Wu,"Mg 11Li 3Al 0.2Zr 0.6Y, WQAR","Mg,10.95Li,3.29Al,0.19Zr,0.59Y",R,15,"4, 24 h",Pw,0.8,11,1,,3,,,,,,,,0.59,,,,,,,,,,0.19,,,,,,10.95,,,
2015,Wu,"Mg 11Li 3Al 0.2Zr 0.6Y, WQAR","Mg,10.95Li,3.29Al,0.19Zr,0.59Y",B,15,"4, ud",Pi,0.2,11,1,,3,,,,,,,,0.59,,,,,,,,,,0.19,,,,,,10.95,,,
2014,Tatavull,Pure Mg,"Mg,0.02Zn,0.02Mn,0.007Fe",B,0.05,"17, 7 d",Pw,1.6,77,1,0.007,,,0.02,0.02,,,,,,,,,,,,,,,,,,,,,,,,
2014,Tatavull,Pure Mg,"Mg,0.02Zn,0.02Mn,0.007Fe",B,0.05,"29, 7 d",Pw,1.6,77,1,0.007,,,0.02,0.02,,,,,,,,,,,,,,,,,,,,,,,,
2014,Tatavull,Pure Mg,"Mg,0.02Zn,0.02Mn,0.007Fe",B,0.05,"30, 7 d",Pw,1.6,77,1,0.007,,,0.02,0.02,,,,,,,,,,,,,,,,,,,,,,,,
2014,Tatavull,ZE41,"Mg,4.7Zn,0.4RE,0.006Fe",B,5.1,"17, 7 d",Pw,2,77,1,0.006,,,4.7,,,,,,,,,,,,,,,,,,,,,,,,,0.4
2014,Tatavull,ZE41,"Mg,4.7Zn,0.4RE,0.006Fe",B,5.1,29. 7 d,Pw,4,77,1,0.006,,,4.7,,,,,,,,,,,,,,,,,,,,,,,,,0.4
2014,Tatavull,ZE41,"Mg,4.7Zn,0.4RE,0.006Fe",B,5.1,"30, 7 d",Pw,11,77,1,0.006,,,4.7,,,,,,,,,,,,,,,,,,,,,,,,,0.4
2014,Tatavull,AZ91,"Mg,8.2Al,0.6Zn,0.2Mn,0.005Fe",B,8.8,"17, 7 d",Pw,3.5,77,1,0.005,8,,0.6,0.2,,,,,,,,,,,,,,,,,,,,,,,,
2014,Tatavull,AZ91,"Mg,8.2Al,0.6Zn,0.2Mn,0.005Fe",B,8.8,"29, 7 d",Pw,9.7,77,1,0.005,8,,0.6,0.2,,,,,,,,,,,,,,,,,,,,,,,,
2014,Tatavull,AZ91,"Mg,8.2Al,0.6Zn,0.2Mn,0.005Fe",B,8.8,"30, 7 d",Pw,12,77,1,0.005,8,,0.6,0.2,,,,,,,,,,,,,,,,,,,,,,,,
2014,Ha,Mg2Sn (T2),"Mg,1.96Sn",B,2,"5, 72 d",Pw,2.5,78,1,,,,,,2,,,,,,,,,,,,,,,,,,,,,,,
2014,Ha,Mg4Sn (T4),"Mg,4.10Sn",B,4.1,"5, 72 d",Pw,6,78,1,,,,,,4.1,,,,,,,,,,,,,,,,,,,,,,,
2014,Ha,Mg6Sn (T6),"Mg,6.20Sn",B,6.2,"5, 72 d",Pw,12,78,1,,,,,,6.2,,,,,,,,,,,,,,,,,,,,,,,
2014,Ha,Mg8Sn (T8),"Mg,8.05Sn",B,8.1,"5, 72 d",Pw,17,78,1,,,,,,8.05,,,,,,,,,,,,,,,,,,,,,,,
2014,Ha,Mg5Sn1Zn (TZ51),"Mg,4.56Sn,1.06Sn",B,5.6,"5, 25 d",Pw,1.9,79,1,,,,,,4.56,,,,,,,,,,,,,,,,,,,,,,,
2014,Ha,Mg5Sn2Zn (TZ52),"Mg,4.43Sn,1.95Sn",R,6.4,"5, 25 d",Pw,0.8,79,1,,,,,,4.43,,,,,,,,,,,,,,,,,,,,,,,
2014,Ha,Mg5Sn3Zn (TZ53),"Mg,4.69Sn,3.15Sn",B,7.9,"5, 25 d",Pw,1.7,79,1,,,,,,4.69,,,,,,,,,,,,,,,,,,,,,,,
2014,Ha,Mg5Sn4Zn (TZ54),"Mg,4.59Sn,1.96Sn",B,8.6,"5, 25 d",Pw,2.9,79,1,,,,,,4.59,,,,,,,,,,,,,,,,,,,,,,,
2014,Zhang,"Mg 5Gd lZn 0.6Zr (GZ51K ), cast","Mg,4.88Gd,0.82Zn,0.45Zr",B1,6.2,"25, 5 d",Pw,0.8,80,1,,,,0.8,,,,,,,,,,,,,5,,,0.45,,,,,,,,,
2014,Zhang,"Mg 5Gd lZn 0.6Zr (GZ51K ), T6","Mg,4.88Gd,0.82Zn,0.45Zr",B,6.2,"25, 5 d",Pw,1.9,80,1,,,,0.8,,,,,,,,,,,,,5,,,0.45,,,,,,,,,
2014,Wang,"AZ31 , static",Undisclosed (ud),B,4,"31, 7 d",Pg,0.4,81,,,,,,,,,,,,,,,,,,,,,,,,,,,,,,
2014,Wang,"AZ31, dynamic, FISS = 0.05 Pa",Ud,B,4,"31, 7 d",Pg,1.2,81,,,,,,,,,,,,,,,,,,,,,,,,,,,,,,
2014,Schulter,Hp Mg,,p,0.01,I.7 d,Pw,0.66,82,,,,,,,,,,,,,,,,,,,,,,,,,,,,,,
2014,Schulter,"Mg5.7Y, SP",,R,5.7,"1, 2 d",Pw,0.35,82,,,,,,,,,,,,,,,,,,,,,,,,,,,,,,
2014,Schu lter,"Mg-10.8Y, SP",,R,10.8,"1, 2 d",Pw,0.52,82,,,,,,,,,,,,,,,,,,,,,,,,,,,,,,
2014,Schulter,"Mg-19.6Y, SP",,R,19.6,"1, 2 d",Pw,0.85,82,,,,,,,,,,,,,,,,,,,,,,,,,,,,,,
2014,Schulter,"Mg-51.3Y, SP",,R,51.3,"1, 2 d",Pw,0.53,82,,,,,,,,,,,,,,,,,,,,,,,,,,,,,,
2014,Schulter,Mg-4.7Gd. SP,,R,4.7,"1, 2 d",Pw,0.79,82,,,,,,,,,,,,,,,,,,,,,,,,,,,,,,
2014,Schulter,Mg-9.0Gd. SP,,R,9,"1, 2 d",Pw,0.78,82,,,,,,,,,,,,,,,,,,,,,,,,,,,,,,
2014,Schulter,"Mg-19.4Gd, SP",,R,19.4,I.2 d,Pw,0.4,82,,,,,,,,,,,,,,,,,,,,,,,,,,,,,,
2013,Zainal Abidin,"HP Mg, cast","Mg,0.007Fe",B1,0.007,"17, 10.5 d",Pw,0.9,83,1,0.007,,,,,,,,,,,,,,,,,,,,,,,,,,,,
2013,Zainal Abidin,"HP Mg, cast","Mg,0.007Fe",B,0.007,"32, 60 d",Pw,0.7,83,1,0.007,,,,,,,,,,,,,,,,,,,,,,,,,,,,
2013,Zainal Abidin,"WZ21,  fge","Mg,1.65Y,0.85Zn,0.00451Fe",B1,2.5,"17, 10.5 d",Pw,1,83,1,0.00451,,,0.9,,,,,,1.65,,,,,,,,,,,,,,,,,,,
2013,Zainal Abidin,"WZ21, fge","Mg,1.65Y,0.85Zn,0.00451Fe",B,2.5,"32, 60 d",Pw,1,83,1,0.00451,,,0.9,,,,,,1.65,,,,,,,,,,,,,,,,,,,
2013,Zainal Abidin,"AZ91, cast","Mg,8.15Al,0.64Zn,0.0046Fe",B,8.8,"17, 10.5 d",Pw,6,83,1,0.0046,8.15,,0.6,,,,,,,,,,,,,,,,,,,,,,,,,
2013,Zainal Abidin,"AZ91, cast","Mg,8.15Al,0.64Zn,0.0046Fe",B,8.8,"32, 60 d",Pw,0.7,83,1,0.0046,8.15,,0.6,,,,,,,,,,,,,,,,,,,,,,,,,
2013,Shi,"HP Mg, cast",,P,0.002,"1, 7 d",Pw,0.7,16,,,,,,,,,,,,,,,,,,,,,,,,,,,,,,
2013,Cui,AZ31 sheet,"Mg,3.19Al,0.81Zn,0.30Zn,0.025Si,0.006Fe",G,4.3,"33, 2 y",Pw,0.013,84,1,0.006,3.19,,0.8,,,,,,,,,0.025,,,,,,,,,,,,,,,,
2013,Kim,AZ61 ars,,R,7,"4, 168 h",Pw,0.8,85,,,,,,,,,,,,,,,,,,,,,,,,,,,,,,
2013,Kim,"AZ61 dr, gs = 0.002 mm",,R,7,"4, 168 h",Pw,0.5,85,,,,,,,,,,,,,,,,,,,,,,,,,,,,,,
2013,Kim,AZ61 rolled + 320 C anneal,,R,7,"4, 168 h",Pw,0.4,85,,,,,,,,,,,,,,,,,,,,,,,,,,,,,,
2013,Kim,"AZ3I, ars, gs = 0.020 mm",,B,4,"8, 2 h",Pw,3.8,86,,,,,,,,,,,,,,,,,,,,,,,,,,,,,,
2013,Kim,"AZ31, dsr +WQ , gs = 0.0006 mm",,B1,4,"8, 144 h",Pw,0.25,86,,,,,,,,,,,,,,,,,,,,,,,,,,,,,,
2013,Liao,AZ31B,"Mg,3.19Al,1.05Zn,0.39Mn,0.003Fe",G,4.6,"34, 1 y",Pw,0.03,87,1,0.003,3.19,,1.05,0.39,,,,,,,,,,,,,,,,,,,,,,,,
2013,Cao,UHP-Mg,": 28Al,48Zn,1.3Mn,1.6Fe,0.34Cu,1.4Si",P,0.008,"1, 14 d",Pw,0.62,8,,1.6,28,,48,1.3,,0.34,,,,,,1.4,,,,,,,,,,,,,,,,
2013,Cao,Hp Mg,": 1Fe, 20Si ,8 Mn",P,7,"1, 7 d",Pw,1,17,,1,,,,8,,,,,,,,20,,,,,,,,,,,,,,,,
2013,Cao,"Mg1Mn, sht & WQ",1.1%Mn,R,1.1,"1, 7 d",Pw,1,17,,,,,,0.011,,,,,,,,,,,,,,,,,,,,,,,,
2012,Peng,Mg1.2RE0.2Zr,nd,R,1 .4,"2 1 , nd",Pw,1,88,,,,,,,,,,,,,,,,,,,,,,,,,,,,,,
2012,Peng,Mg1.2RE0.2Zn0.2Zr,nd,B,1.4,2 1 .nd,Pw,1.2,88,,,,,,,,,,,,,,,,,,,,,,,,,,,,,,
2012,Liao,"AZ31B, e","Mg,3.19A1,1.05Zn,0.39Mn,0.003Fe",R,4.6,"4, 90 d",Pw,0.6,89,1,0.003,3.19,,1.1,0.39,,,,,,,,,,,,,,,,,,,,,,,,
2012,Liao,"AM60, e","Mg,6.07A1,0.02Zn,0.30Mn,0.001Fe",R,6.4,"4, 90 d",Pw,0.4,89,1,0.001,6.07,,0.02,0.3,,,,,,,,,,,,,,,,,,,,,,,,
2012,Argade,"Mg4Y3Nd, hr, gs 0.07 mm",nd,R,7,"6, 21d",Pw,0.4,90,,,,,,,,,,,,,,,,,,,,,,,,,,,,,,
2012,Argadc,"Mg4Y3Nd, hr, gs 0.0017 mm",nd,R,7,"6, 21 cl",Pw,0.1,90,,,,,,,,,,,,,,,,,,,,,,,,,,,,,,
2012,Song,MgxZn,,,,,,,91,,,,,,,,,,,,,,,,,,,,,,,,,,,,,,
2012,Arrabal,AM50,"Mg,4.9A1,0.26Mn",B,5.2,"6, 10 d",Pw,5,92,1,,4.9,,,0.3,,,,,,,,,,,,,,,,,,,,,,,,
2012,Arrabal,AM500.8Nd,"Mg,4.4A1,0.21Mn,0.8Nd",R,5.4,"6, 10 d",Pw,0.4,92,1,,4.4,,,0.2,,,,,,,,,,0.8,,,,,,,,,,,,,,
2012,Arrabal,AM501.5Nd,"Mg,4.0A1,0.24Mn,1.5Nd",R,5.7,"6, 10 d",Pw,0.5,92,1,,4,,,0.2,,,,,,,,,,1.5,,,,,,,,,,,,,,
2012,Arrabal,AZ91D,"Mg,8.9A1,0.52Zn,0.19Mn",B,9.6,"6, 10 d",Pw,1.4,92,1,,8.9,,0.5,0.19,,,,,,,,,,,,,,,,,,,,,,,,
2012,Arrabal,AZ91D0.7Nd,"Mg,8.1A1,0.52Zn,0.13Mn,0.7Nd",R,9.5,"6, 10 d",Pw,0.2,92,1,,8.1,,0.52,0.13,,,,,,,,,,0.7,,,,,,,,,,,,,,
2012,Arrabal,AZ91D1.4Nd,"Mg,8.1A1,0.52Zn,0.16Mn,1.4Nd",R,10.2,"6, 10 d",Pw,0.5,92,1,,8.1,,0.5,0.16,,,,,,,,,,1.4,,,,,,,,,,,,,,
2012,Liu,MgxY(x=2-7),,,,,,,91,,,,,,,,,,,,,,,,,,,,,,,,,,,,,,
2012,Qiao,HP Mg,"Mg,0.1A1,0.017Mn,0.002Fe",P,0.1,"1, 7 d",Pw,0.7,94,1,0.002,0.1,,,0.017,,,,,,,,,,,,,,,,,,,,,,,,
2012,Qiao,HP Mg,"Mg,0.1A1,0.017Mn,0.002Fe",B,0.1,"1, 7 d",Pi,0.3,94,1,0.002,0.1,,,0.017,,,,,,,,,,,,,,,,,,,,,,,,
2012,Qiao,HP Mg,"Mg,0.1A1,0.017Mn,0.002Fe",B,0.1,"1, 7 d",Pi/EIS,0.2,94,1,0.002,0.1,,,0.017,,,,,,,,,,,,,,,,,,,,,,,,
2011,Feliu,AZ31,"Mg,3.1A1,0.73Zn,0.25Mn,0.005Fe",G,4.1,"35, 60 d",Pw,0.02,95,1,0.005,3.1,,0.73,0.25,,,,,,,,,,,,,,,,,,,,,,,,
2011,Feliu,AZ61,"Mg,6.2A1,0.74Zn,0.23Mn,0.004Fe",G,7.2,35. 60 d,Pw,0.01,95,1,0.004,6.2,,0.74,0.23,,,,,,,,,,,,,,,,,,,,,,,,
2011,Shi,"HP Mg, cast","Mg,0.01A1,0.002Fe,0.017Zn",P,0.1,"1, 11.5 d",Pw,0.4,96,1,0.002,0.01,,,0.017,,,,,,,,,,,,,,,,,,,,,,,,
2011,Zhang,"AZ91, cast","Mg,8.51A1,0.64Zn,0.22Mn",R,9,"6, 12 h",Pw,0.2,97,1,,8.51,,1,0.22,,,,,,,,,,,,,,,,,,,,,,,,
2011,Zhang,"AZ91, e","Mg,8.51A1,0.64Zn,0.22Mn",R,9.4,"6, 12 h",Pw,0.4,97,1,,8.51,,0.6,0.22,,,,,,,,,,,,,,,,,,,,,,,,
2009,Liu,"LP Mg, GpM","Mg,0.0280Fe,0.017Mn",B,0.05,"28, 8 h",Ph,170,98,1,0.028,,,,0.02,,,,,,,,,,,,,,,,,,,,,,,,
2009,Lio,"HP Mg, cast","Mg,0.0045Fe,0.0080Mn",P,0,"28, 8 h",Ph,1,98,1,0.0045,,,,0.008,,,,,,,,,,,,,,,,,,,,,,,,
2009,Liu,"HP Mg, sht 1 d at 550 C","Mg,0.0045Fe,0.0080Mn",B,0.01,"28, 224 h",Ph,10,98,1,0.0045,,,,0.008,,,,,,,,,,,,,,,,,,,,,,,,
2008,Chang,A791D,"Mg,9A1,1Zn",R,10,"36, 3 d",Pw,1,99,1,,9,,1,,,,,,,,,,,,,,,,,,,,,,,,,
2008,Chang,NZ30K,"Mg,3Nd,0.2Zn,0.4Zr",R,2.6,"36, 3 d",Pw,0.4,99,1,,,,0.2,,,,,,,,,,,3,,,,,0.4,,,,,,,,,
2008,Zhao,"HP Mg, cast","Mg,0.0045Fe",P,0.005,"37, 2 d",Pw,1,100,1,0.0045,,,,,,,,,,,,,,,,,,,,,,,,,,,,
2008,Ben-Haroush,"AZ80, cast","Mg,8.33A1,0.12Mn,0.41Zn,0.006Si,0.0025Fe",R,8.9,"1, 3 d",Pw,0.5,101,1,0.0025,8.33,,0.41,0.1,,,,,,,,0.006,,,,,,,,,,,,,,,,
2008,Ben-Haroush,"AZ80, cast + e at 250 C","Mg,8.33A1,0.12Mn,0.41Zn,0.006Si,0.0025Fe",B,8.9,"1, 3 d",Pw,7,101,1,0.0025,8,,0.41,0.1,,,,,,,,0.006,,,,,,,,,,,,,,,,
2008,Ben-Haroush,"AZ80, cast + e at 300 C","Mg,8.33A1,0.12Mn,0.41Zn,0.006Si,0.0025Fe",B,8.9,"1, 3 d",Pw,11,101,1,0.0025,8,,0.41,0.1,,,,,,,,0.006,,,,,,,,,,,,,,,,
2008,Ben-Haroush,"AZ80, cast + e at 350 C","Mg,8.33A1,0.12Mn,0.41Zn,0.006Si,0.0025Fe",B,8.9,"1, 3 d",Pw,10,101,1,0.0025,8,,0.41,0.1,,,,,,,,0.006,,,,,,,,,,,,,,,,
2007,Rzychon,EV31A,"Mg,2.7Nd,4.2R,1.2Gd,0.4Zn,0.5Zr",B,9,"6, 7 d",Pw,2.8,102,1,,,,0.4,,,,,,,,,,,3,,1.2,,,0.5,,,,,,,,,4.2
2007,Rzychon,WE43,"Mg,4.0Y,2.4Nd,3.3RE,0.6Zr",R,10.3,"6, 7 d",Pw,0.5,102,1,,,,,,,,,,4,,,,,2.4,,,,,0.6,,,,,,,,,3.3
2005,Wu,AZ91D,"Mg,9A1,0.5Zn",B,9.5,"36, 3 d",Pw,9,103,1,,9,,0.5,,,,,,,,,,,,,,,,,,,,,,,,,
2005,Wu,AZ91D-2Ca,"Mg,9A1,0.5Zn,2Ca",R,11.5,"36, 3 d",Pw,0.2,103,1,,9,2,0.5,,,,,,,,,,,,,,,,,,,,,,,,,
2005,Wu,AZ91D1RE,"Mg,9A1,0.5Zn,1RE",R,10.5,"36, 3 d",Pw,0.4,103,1,,9,,0.5,,,,,,,,,,,,,,,,,,,,,,,,,
2005,Wu,AZ91D1RE1Ca,"Mg,9A1,0.5Zn,1RE,1Ca",R,11.5,"16, l d",Pw,0.2,103,1,,9,1,0.5,,,,,,,,,,,,,,,,,,,,,,,,,1
1999,Song,LP Mg,"Mg,0.024Fe",B,0.024,"38, 1 d",Pw,53,104,1,0.024,,,,,,,,,,,,,,,,,,,,,,,,,,,,1
1999,Song,"AZ91D, dcx","Mg,8.4A1,0.73Zn,0.012Fe,0.18Mn",B,9.3,"38, 1 d",Pw,6,104,1,0.012,8.4,,0.7,0.18,,,,,,,,,,,,,,,,,,,,,,,,
1999,Song,HP Mg,"Mg,0.0017Fe",P,0.002,"38, 1 d",Pw,1,104,1,0.0017,,,,,,,,,,,,,,,,,,,,,,,,,,,,
1999,Song,"AZ91D, dcs=die cast-surface","Mg,8.4A1,0.73Zn,0.012Fe,0.18Mn",R,9.3,"38, 1 d",Pw,0.7,104,1,0.012,8.4,,0.7,0.18,,,,,,,,,,,,,,,,,,,,,,,,
1942,Hanawalt,UHP Mg,"Mg,0.001Fe",R,0.001,"39, 112 J",Pw,0.3,7,1,0.001,,,,,,,,,,,,,,,,,,,,,,,,,,,,
1942,Hanawalt,UHP Mg,"Mg,0.001Ni,0.2Mn",R,0.2,"39, 112 d",Pw,0.3,7,1,,,,,0.2,,,,,,,,,0.001,,,,,,,,,,,,,,,
1942,Hanawalt,UHP Mg,"Mg,0.1Cu",R,0.1,"39, 112 d",Pw,0.3,7,1,,,,,,,0.1,,,,,,,,,,,,,,,,,,,,,,
